{"_id":{"$oid":"5c9fda0466d8c135806d72a6"},"user_id":{"$numberInt":"1"},"age":{"$numberInt":"42"},"country":"United Kingdom"}
{"_id":{"$oid":"5c9fda0466d8c135806d72a7"},"user_id":{"$numberInt":"2"},"age":{"$numberInt":"22"},"country":"New Zealand"}
{"_id":{"$oid":"5c9fda0466d8c135806d72a8"},"user_id":{"$numberInt":"3"},"age":{"$numberInt":"43"},"country":"United Kingdom"}
{"_id":{"$oid":"5c9fda0466d8c135806d72a9"},"user_id":{"$numberInt":"4"},"age":{"$numberInt":"45"},"country":"United Kingdom"}
{"_id":{"$oid":"5c9fda0466d8c135806d72aa"},"user_id":{"$numberInt":"5"},"age":{"$numberInt":"33"},"country":"United States"}
{"_id":{"$oid":"5c9fda0466d8c135806d72ab"},"user_id":{"$numberInt":"6"},"age":{"$numberInt":"33"},"country":"New Zealand"}
{"_id":{"$oid":"5c9fda0466d8c135806d72ac"},"user_id":{"$numberInt":"7"},"age":{"$numberInt":"43"},"country":"United States"}
{"_id":{"$oid":"5c9fda0466d8c135806d72ad"},"user_id":{"$numberInt":"8"},"age":{"$numberInt":"32"},"country":"United Kingdom"}
{"_id":{"$oid":"5c9fda0466d8c135806d72ae"},"user_id":{"$numberInt":"9"},"age":{"$numberInt":"26"},"country":"France"}
{"_id":{"$oid":"5c9fda0466d8c135806d72af"},"user_id":{"$numberInt":"10"},"age":{"$numberInt":"33"},"country":"United Kingdom"}
{"_id":{"$oid":"5c9fda0466d8c135806d72b0"},"user_id":{"$numberInt":"11"},"age":{"$numberInt":"41"},"country":"France"}
{"_id":{"$oid":"5c9fda0466d8c135806d72b1"},"user_id":{"$numberInt":"12"},"age":{"$numberInt":"41"},"country":"France"}
{"_id":{"$oid":"5c9fda0466d8c135806d72b2"},"user_id":{"$numberInt":"13"},"age":{"$numberInt":"25"},"country":"United Kingdom"}
{"_id":{"$oid":"5c9fda0466d8c135806d72b3"},"user_id":{"$numberInt":"14"},"age":{"$numberInt":"34"},"country":"United States"}
{"_id":{"$oid":"5c9fda0466d8c135806d72b4"},"user_id":{"$numberInt":"15"},"age":{"$numberInt":"37"},"country":"New Zealand"}
{"_id":{"$oid":"5c9fda0466d8c135806d72b5"},"user_id":{"$numberInt":"16"},"age":{"$numberInt":"41"},"country":"United Kingdom"}
{"_id":{"$oid":"5c9fda0466d8c135806d72b6"},"user_id":{"$numberInt":"17"},"age":{"$numberInt":"22"},"country":"United Kingdom"}
{"_id":{"$oid":"5c9fda0466d8c135806d72b7"},"user_id":{"$numberInt":"18"},"age":{"$numberInt":"42"},"country":"France"}
{"_id":{"$oid":"5c9fda0466d8c135806d72b8"},"user_id":{"$numberInt":"19"},"age":{"$numberInt":"37"},"country":"France"}
{"_id":{"$oid":"5c9fda0466d8c135806d72b9"},"user_id":{"$numberInt":"20"},"age":{"$numberInt":"35"},"country":"New Zealand"}
{"_id":{"$oid":"5c9fda0466d8c135806d72ba"},"user_id":{"$numberInt":"21"},"age":{"$numberInt":"40"},"country":"United States"}
{"_id":{"$oid":"5c9fda0466d8c135806d72bb"},"user_id":{"$numberInt":"22"},"age":{"$numberInt":"34"},"country":"Japan"}
{"_id":{"$oid":"5c9fda0466d8c135806d72bc"},"user_id":{"$numberInt":"23"},"age":{"$numberInt":"22"},"country":"United Kingdom"}
{"_id":{"$oid":"5c9fda0466d8c135806d72bd"},"user_id":{"$numberInt":"24"},"age":{"$numberInt":"25"},"country":"France"}
{"_id":{"$oid":"5c9fda0466d8c135806d72be"},"user_id":{"$numberInt":"25"},"age":{"$numberInt":"28"},"country":"United States"}
{"_id":{"$oid":"5c9fda0466d8c135806d72bf"},"user_id":{"$numberInt":"26"},"age":{"$numberInt":"43"},"country":"France"}
{"_id":{"$oid":"5c9fda0466d8c135806d72c0"},"user_id":{"$numberInt":"27"},"age":{"$numberInt":"28"},"country":"United States"}
{"_id":{"$oid":"5c9fda0466d8c135806d72c1"},"user_id":{"$numberInt":"28"},"age":{"$numberInt":"27"},"country":"France"}
{"_id":{"$oid":"5c9fda0466d8c135806d72c2"},"user_id":{"$numberInt":"29"},"age":{"$numberInt":"43"},"country":"New Zealand"}
{"_id":{"$oid":"5c9fda0466d8c135806d72c3"},"user_id":{"$numberInt":"30"},"age":{"$numberInt":"21"},"country":"United Kingdom"}
{"_id":{"$oid":"5c9fda0466d8c135806d72c4"},"user_id":{"$numberInt":"31"},"age":{"$numberInt":"42"},"country":"France"}
{"_id":{"$oid":"5c9fda0466d8c135806d72c5"},"user_id":{"$numberInt":"32"},"age":{"$numberInt":"32"},"country":"United States"}
{"_id":{"$oid":"5c9fda0466d8c135806d72c6"},"user_id":{"$numberInt":"33"},"age":{"$numberInt":"29"},"country":"United States"}
{"_id":{"$oid":"5c9fda0466d8c135806d72c7"},"user_id":{"$numberInt":"34"},"age":{"$numberInt":"35"},"country":"France"}
{"_id":{"$oid":"5c9fda0466d8c135806d72c8"},"user_id":{"$numberInt":"35"},"age":{"$numberInt":"28"},"country":"United Kingdom"}
{"_id":{"$oid":"5c9fda0466d8c135806d72c9"},"user_id":{"$numberInt":"36"},"age":{"$numberInt":"28"},"country":"United States"}
{"_id":{"$oid":"5c9fda0466d8c135806d72ca"},"user_id":{"$numberInt":"37"},"age":{"$numberInt":"28"},"country":"France"}
{"_id":{"$oid":"5c9fda0466d8c135806d72cb"},"user_id":{"$numberInt":"38"},"age":{"$numberInt":"30"},"country":"France"}
{"_id":{"$oid":"5c9fda0466d8c135806d72cc"},"user_id":{"$numberInt":"39"},"age":{"$numberInt":"33"},"country":"United Kingdom"}
{"_id":{"$oid":"5c9fda0466d8c135806d72cd"},"user_id":{"$numberInt":"40"},"age":{"$numberInt":"35"},"country":"France"}
{"_id":{"$oid":"5c9fda0466d8c135806d72ce"},"user_id":{"$numberInt":"41"},"age":{"$numberInt":"22"},"country":"France"}
{"_id":{"$oid":"5c9fda0466d8c135806d72cf"},"user_id":{"$numberInt":"42"},"age":{"$numberInt":"33"},"country":"United States"}
{"_id":{"$oid":"5c9fda0466d8c135806d72d0"},"user_id":{"$numberInt":"43"},"age":{"$numberInt":"27"},"country":"France"}
{"_id":{"$oid":"5c9fda0466d8c135806d72d1"},"user_id":{"$numberInt":"44"},"age":{"$numberInt":"28"},"country":"United Kingdom"}
{"_id":{"$oid":"5c9fda0466d8c135806d72d2"},"user_id":{"$numberInt":"45"},"age":{"$numberInt":"31"},"country":"United States"}
{"_id":{"$oid":"5c9fda0466d8c135806d72d3"},"user_id":{"$numberInt":"46"},"age":{"$numberInt":"25"},"country":"France"}
{"_id":{"$oid":"5c9fda0466d8c135806d72d4"},"user_id":{"$numberInt":"47"},"age":{"$numberInt":"43"},"country":"France"}
{"_id":{"$oid":"5c9fda0466d8c135806d72d5"},"user_id":{"$numberInt":"48"},"age":{"$numberInt":"24"},"country":"United States"}
{"_id":{"$oid":"5c9fda0466d8c135806d72d6"},"user_id":{"$numberInt":"49"},"age":{"$numberInt":"22"},"country":"Japan"}
{"_id":{"$oid":"5c9fda0466d8c135806d72d7"},"user_id":{"$numberInt":"50"},"age":{"$numberInt":"29"},"country":"Japan"}
{"_id":{"$oid":"5c9fda0466d8c135806d72d8"},"user_id":{"$numberInt":"51"},"age":{"$numberInt":"31"},"country":"Japan"}
{"_id":{"$oid":"5c9fda0466d8c135806d72d9"},"user_id":{"$numberInt":"52"},"age":{"$numberInt":"32"},"country":"United States"}
{"_id":{"$oid":"5c9fda0466d8c135806d72da"},"user_id":{"$numberInt":"53"},"age":{"$numberInt":"32"},"country":"United States"}
{"_id":{"$oid":"5c9fda0466d8c135806d72db"},"user_id":{"$numberInt":"54"},"age":{"$numberInt":"37"},"country":"Japan"}
{"_id":{"$oid":"5c9fda0466d8c135806d72dc"},"user_id":{"$numberInt":"55"},"age":{"$numberInt":"40"},"country":"United Kingdom"}
{"_id":{"$oid":"5c9fda0466d8c135806d72dd"},"user_id":{"$numberInt":"56"},"age":{"$numberInt":"38"},"country":"United States"}
{"_id":{"$oid":"5c9fda0466d8c135806d72de"},"user_id":{"$numberInt":"57"},"age":{"$numberInt":"39"},"country":"France"}
{"_id":{"$oid":"5c9fda0466d8c135806d72df"},"user_id":{"$numberInt":"58"},"age":{"$numberInt":"44"},"country":"Japan"}
{"_id":{"$oid":"5c9fda0466d8c135806d72e0"},"user_id":{"$numberInt":"59"},"age":{"$numberInt":"39"},"country":"France"}
{"_id":{"$oid":"5c9fda0466d8c135806d72e1"},"user_id":{"$numberInt":"60"},"age":{"$numberInt":"44"},"country":"Japan"}
{"_id":{"$oid":"5c9fda0466d8c135806d72e2"},"user_id":{"$numberInt":"61"},"age":{"$numberInt":"34"},"country":"United Kingdom"}
{"_id":{"$oid":"5c9fda0466d8c135806d72e3"},"user_id":{"$numberInt":"62"},"age":{"$numberInt":"39"},"country":"United Kingdom"}
{"_id":{"$oid":"5c9fda0466d8c135806d72e4"},"user_id":{"$numberInt":"63"},"age":{"$numberInt":"22"},"country":"United Kingdom"}
{"_id":{"$oid":"5c9fda0466d8c135806d72e5"},"user_id":{"$numberInt":"64"},"age":{"$numberInt":"31"},"country":"United Kingdom"}
{"_id":{"$oid":"5c9fda0466d8c135806d72e6"},"user_id":{"$numberInt":"65"},"age":{"$numberInt":"32"},"country":"United States"}
{"_id":{"$oid":"5c9fda0466d8c135806d72e7"},"user_id":{"$numberInt":"66"},"age":{"$numberInt":"32"},"country":"Japan"}
{"_id":{"$oid":"5c9fda0466d8c135806d72e8"},"user_id":{"$numberInt":"67"},"age":{"$numberInt":"36"},"country":"United States"}
{"_id":{"$oid":"5c9fda0466d8c135806d72e9"},"user_id":{"$numberInt":"68"},"age":{"$numberInt":"28"},"country":"New Zealand"}
{"_id":{"$oid":"5c9fda0466d8c135806d72ea"},"user_id":{"$numberInt":"69"},"age":{"$numberInt":"23"},"country":"France"}
{"_id":{"$oid":"5c9fda0466d8c135806d72eb"},"user_id":{"$numberInt":"70"},"age":{"$numberInt":"22"},"country":"New Zealand"}
{"_id":{"$oid":"5c9fda0466d8c135806d72ec"},"user_id":{"$numberInt":"71"},"age":{"$numberInt":"21"},"country":"New Zealand"}
{"_id":{"$oid":"5c9fda0466d8c135806d72ed"},"user_id":{"$numberInt":"72"},"age":{"$numberInt":"23"},"country":"United States"}
{"_id":{"$oid":"5c9fda0466d8c135806d72ee"},"user_id":{"$numberInt":"73"},"age":{"$numberInt":"38"},"country":"New Zealand"}
{"_id":{"$oid":"5c9fda0466d8c135806d72ef"},"user_id":{"$numberInt":"74"},"age":{"$numberInt":"25"},"country":"France"}
{"_id":{"$oid":"5c9fda0466d8c135806d72f0"},"user_id":{"$numberInt":"75"},"age":{"$numberInt":"24"},"country":"France"}
{"_id":{"$oid":"5c9fda0466d8c135806d72f1"},"user_id":{"$numberInt":"76"},"age":{"$numberInt":"27"},"country":"Japan"}
{"_id":{"$oid":"5c9fda0466d8c135806d72f2"},"user_id":{"$numberInt":"77"},"age":{"$numberInt":"43"},"country":"Japan"}
{"_id":{"$oid":"5c9fda0466d8c135806d72f3"},"user_id":{"$numberInt":"78"},"age":{"$numberInt":"33"},"country":"New Zealand"}
{"_id":{"$oid":"5c9fda0466d8c135806d72f4"},"user_id":{"$numberInt":"79"},"age":{"$numberInt":"23"},"country":"New Zealand"}
{"_id":{"$oid":"5c9fda0466d8c135806d72f5"},"user_id":{"$numberInt":"80"},"age":{"$numberInt":"34"},"country":"France"}
{"_id":{"$oid":"5c9fda0466d8c135806d72f6"},"user_id":{"$numberInt":"81"},"age":{"$numberInt":"43"},"country":"Japan"}
{"_id":{"$oid":"5c9fda0466d8c135806d72f7"},"user_id":{"$numberInt":"82"},"age":{"$numberInt":"26"},"country":"New Zealand"}
{"_id":{"$oid":"5c9fda0466d8c135806d72f8"},"user_id":{"$numberInt":"83"},"age":{"$numberInt":"31"},"country":"United States"}
{"_id":{"$oid":"5c9fda0466d8c135806d72f9"},"user_id":{"$numberInt":"84"},"age":{"$numberInt":"24"},"country":"United Kingdom"}
{"_id":{"$oid":"5c9fda0466d8c135806d72fa"},"user_id":{"$numberInt":"85"},"age":{"$numberInt":"23"},"country":"United Kingdom"}
{"_id":{"$oid":"5c9fda0466d8c135806d72fb"},"user_id":{"$numberInt":"86"},"age":{"$numberInt":"23"},"country":"Japan"}
{"_id":{"$oid":"5c9fda0466d8c135806d72fc"},"user_id":{"$numberInt":"87"},"age":{"$numberInt":"31"},"country":"New Zealand"}
{"_id":{"$oid":"5c9fda0466d8c135806d72fd"},"user_id":{"$numberInt":"88"},"age":{"$numberInt":"26"},"country":"New Zealand"}
{"_id":{"$oid":"5c9fda0466d8c135806d72fe"},"user_id":{"$numberInt":"89"},"age":{"$numberInt":"35"},"country":"New Zealand"}
{"_id":{"$oid":"5c9fda0466d8c135806d72ff"},"user_id":{"$numberInt":"90"},"age":{"$numberInt":"38"},"country":"United States"}
{"_id":{"$oid":"5c9fda0466d8c135806d7300"},"user_id":{"$numberInt":"91"},"age":{"$numberInt":"45"},"country":"United Kingdom"}
{"_id":{"$oid":"5c9fda0466d8c135806d7301"},"user_id":{"$numberInt":"92"},"age":{"$numberInt":"37"},"country":"United States"}
{"_id":{"$oid":"5c9fda0466d8c135806d7302"},"user_id":{"$numberInt":"93"},"age":{"$numberInt":"39"},"country":"France"}
{"_id":{"$oid":"5c9fda0466d8c135806d7303"},"user_id":{"$numberInt":"94"},"age":{"$numberInt":"36"},"country":"Japan"}
{"_id":{"$oid":"5c9fda0466d8c135806d7304"},"user_id":{"$numberInt":"95"},"age":{"$numberInt":"24"},"country":"United Kingdom"}
{"_id":{"$oid":"5c9fda0466d8c135806d7305"},"user_id":{"$numberInt":"96"},"age":{"$numberInt":"45"},"country":"France"}
{"_id":{"$oid":"5c9fda0466d8c135806d7306"},"user_id":{"$numberInt":"97"},"age":{"$numberInt":"27"},"country":"United States"}
{"_id":{"$oid":"5c9fda0466d8c135806d7307"},"user_id":{"$numberInt":"98"},"age":{"$numberInt":"22"},"country":"United Kingdom"}
{"_id":{"$oid":"5c9fda0466d8c135806d7308"},"user_id":{"$numberInt":"99"},"age":{"$numberInt":"45"},"country":"United States"}
{"_id":{"$oid":"5c9fda0466d8c135806d7309"},"user_id":{"$numberInt":"100"},"age":{"$numberInt":"36"},"country":"United Kingdom"}
{"_id":{"$oid":"5c9fda0466d8c135806d730a"},"user_id":{"$numberInt":"101"},"age":{"$numberInt":"30"},"country":"New Zealand"}
{"_id":{"$oid":"5c9fda0466d8c135806d730b"},"user_id":{"$numberInt":"102"},"age":{"$numberInt":"42"},"country":"United Kingdom"}
{"_id":{"$oid":"5c9fda0466d8c135806d730c"},"user_id":{"$numberInt":"103"},"age":{"$numberInt":"39"},"country":"New Zealand"}
{"_id":{"$oid":"5c9fda0466d8c135806d730d"},"user_id":{"$numberInt":"104"},"age":{"$numberInt":"29"},"country":"Japan"}
{"_id":{"$oid":"5c9fda0466d8c135806d730e"},"user_id":{"$numberInt":"105"},"age":{"$numberInt":"37"},"country":"New Zealand"}
{"_id":{"$oid":"5c9fda0466d8c135806d730f"},"user_id":{"$numberInt":"106"},"age":{"$numberInt":"39"},"country":"United Kingdom"}
{"_id":{"$oid":"5c9fda0466d8c135806d7310"},"user_id":{"$numberInt":"107"},"age":{"$numberInt":"35"},"country":"Japan"}
{"_id":{"$oid":"5c9fda0466d8c135806d7311"},"user_id":{"$numberInt":"108"},"age":{"$numberInt":"27"},"country":"United States"}
{"_id":{"$oid":"5c9fda0466d8c135806d7312"},"user_id":{"$numberInt":"109"},"age":{"$numberInt":"37"},"country":"New Zealand"}
{"_id":{"$oid":"5c9fda0466d8c135806d7313"},"user_id":{"$numberInt":"110"},"age":{"$numberInt":"42"},"country":"United States"}
{"_id":{"$oid":"5c9fda0466d8c135806d7314"},"user_id":{"$numberInt":"111"},"age":{"$numberInt":"35"},"country":"New Zealand"}
{"_id":{"$oid":"5c9fda0466d8c135806d7315"},"user_id":{"$numberInt":"112"},"age":{"$numberInt":"31"},"country":"France"}
{"_id":{"$oid":"5c9fda0466d8c135806d7316"},"user_id":{"$numberInt":"113"},"age":{"$numberInt":"24"},"country":"United Kingdom"}
{"_id":{"$oid":"5c9fda0466d8c135806d7317"},"user_id":{"$numberInt":"114"},"age":{"$numberInt":"44"},"country":"United States"}
{"_id":{"$oid":"5c9fda0466d8c135806d7318"},"user_id":{"$numberInt":"115"},"age":{"$numberInt":"38"},"country":"United States"}
{"_id":{"$oid":"5c9fda0466d8c135806d7319"},"user_id":{"$numberInt":"116"},"age":{"$numberInt":"40"},"country":"Japan"}
{"_id":{"$oid":"5c9fda0466d8c135806d731a"},"user_id":{"$numberInt":"117"},"age":{"$numberInt":"29"},"country":"France"}
{"_id":{"$oid":"5c9fda0466d8c135806d731b"},"user_id":{"$numberInt":"118"},"age":{"$numberInt":"32"},"country":"Japan"}
{"_id":{"$oid":"5c9fda0466d8c135806d731c"},"user_id":{"$numberInt":"119"},"age":{"$numberInt":"40"},"country":"United Kingdom"}
{"_id":{"$oid":"5c9fda0466d8c135806d731d"},"user_id":{"$numberInt":"120"},"age":{"$numberInt":"41"},"country":"France"}
{"_id":{"$oid":"5c9fda0466d8c135806d731e"},"user_id":{"$numberInt":"121"},"age":{"$numberInt":"39"},"country":"United States"}
{"_id":{"$oid":"5c9fda0466d8c135806d731f"},"user_id":{"$numberInt":"122"},"age":{"$numberInt":"40"},"country":"Japan"}
{"_id":{"$oid":"5c9fda0466d8c135806d7320"},"user_id":{"$numberInt":"123"},"age":{"$numberInt":"29"},"country":"Japan"}
{"_id":{"$oid":"5c9fda0466d8c135806d7321"},"user_id":{"$numberInt":"124"},"age":{"$numberInt":"42"},"country":"United States"}
{"_id":{"$oid":"5c9fda0466d8c135806d7322"},"user_id":{"$numberInt":"125"},"age":{"$numberInt":"30"},"country":"France"}
{"_id":{"$oid":"5c9fda0466d8c135806d7323"},"user_id":{"$numberInt":"126"},"age":{"$numberInt":"26"},"country":"United Kingdom"}
{"_id":{"$oid":"5c9fda0466d8c135806d7324"},"user_id":{"$numberInt":"127"},"age":{"$numberInt":"29"},"country":"Japan"}
{"_id":{"$oid":"5c9fda0466d8c135806d7325"},"user_id":{"$numberInt":"128"},"age":{"$numberInt":"27"},"country":"France"}
{"_id":{"$oid":"5c9fda0466d8c135806d7326"},"user_id":{"$numberInt":"129"},"age":{"$numberInt":"28"},"country":"Japan"}
{"_id":{"$oid":"5c9fda0466d8c135806d7327"},"user_id":{"$numberInt":"130"},"age":{"$numberInt":"26"},"country":"New Zealand"}
{"_id":{"$oid":"5c9fda0466d8c135806d7328"},"user_id":{"$numberInt":"131"},"age":{"$numberInt":"23"},"country":"Japan"}
{"_id":{"$oid":"5c9fda0466d8c135806d7329"},"user_id":{"$numberInt":"132"},"age":{"$numberInt":"25"},"country":"France"}
{"_id":{"$oid":"5c9fda0466d8c135806d732a"},"user_id":{"$numberInt":"133"},"age":{"$numberInt":"32"},"country":"France"}
{"_id":{"$oid":"5c9fda0466d8c135806d732b"},"user_id":{"$numberInt":"134"},"age":{"$numberInt":"42"},"country":"Japan"}
{"_id":{"$oid":"5c9fda0466d8c135806d732c"},"user_id":{"$numberInt":"135"},"age":{"$numberInt":"45"},"country":"United Kingdom"}
{"_id":{"$oid":"5c9fda0466d8c135806d732d"},"user_id":{"$numberInt":"136"},"age":{"$numberInt":"34"},"country":"Japan"}
{"_id":{"$oid":"5c9fda0466d8c135806d732e"},"user_id":{"$numberInt":"137"},"age":{"$numberInt":"45"},"country":"New Zealand"}
{"_id":{"$oid":"5c9fda0466d8c135806d732f"},"user_id":{"$numberInt":"138"},"age":{"$numberInt":"24"},"country":"Japan"}
{"_id":{"$oid":"5c9fda0466d8c135806d7330"},"user_id":{"$numberInt":"139"},"age":{"$numberInt":"40"},"country":"Japan"}
{"_id":{"$oid":"5c9fda0466d8c135806d7331"},"user_id":{"$numberInt":"140"},"age":{"$numberInt":"28"},"country":"United Kingdom"}
{"_id":{"$oid":"5c9fda0466d8c135806d7332"},"user_id":{"$numberInt":"141"},"age":{"$numberInt":"40"},"country":"New Zealand"}
{"_id":{"$oid":"5c9fda0466d8c135806d7333"},"user_id":{"$numberInt":"142"},"age":{"$numberInt":"42"},"country":"France"}
{"_id":{"$oid":"5c9fda0466d8c135806d7334"},"user_id":{"$numberInt":"143"},"age":{"$numberInt":"21"},"country":"France"}
{"_id":{"$oid":"5c9fda0466d8c135806d7335"},"user_id":{"$numberInt":"144"},"age":{"$numberInt":"42"},"country":"New Zealand"}
{"_id":{"$oid":"5c9fda0466d8c135806d7336"},"user_id":{"$numberInt":"145"},"age":{"$numberInt":"24"},"country":"Japan"}
{"_id":{"$oid":"5c9fda0466d8c135806d7337"},"user_id":{"$numberInt":"146"},"age":{"$numberInt":"21"},"country":"United Kingdom"}
{"_id":{"$oid":"5c9fda0466d8c135806d7338"},"user_id":{"$numberInt":"147"},"age":{"$numberInt":"39"},"country":"New Zealand"}
{"_id":{"$oid":"5c9fda0466d8c135806d7339"},"user_id":{"$numberInt":"148"},"age":{"$numberInt":"21"},"country":"France"}
{"_id":{"$oid":"5c9fda0466d8c135806d733a"},"user_id":{"$numberInt":"149"},"age":{"$numberInt":"32"},"country":"United Kingdom"}
{"_id":{"$oid":"5c9fda0466d8c135806d733b"},"user_id":{"$numberInt":"150"},"age":{"$numberInt":"33"},"country":"United States"}
{"_id":{"$oid":"5c9fda0466d8c135806d733c"},"user_id":{"$numberInt":"151"},"age":{"$numberInt":"34"},"country":"New Zealand"}
{"_id":{"$oid":"5c9fda0466d8c135806d733d"},"user_id":{"$numberInt":"152"},"age":{"$numberInt":"40"},"country":"New Zealand"}
{"_id":{"$oid":"5c9fda0466d8c135806d733e"},"user_id":{"$numberInt":"153"},"age":{"$numberInt":"35"},"country":"United States"}
{"_id":{"$oid":"5c9fda0466d8c135806d733f"},"user_id":{"$numberInt":"154"},"age":{"$numberInt":"39"},"country":"France"}
{"_id":{"$oid":"5c9fda0466d8c135806d7340"},"user_id":{"$numberInt":"155"},"age":{"$numberInt":"25"},"country":"United States"}
{"_id":{"$oid":"5c9fda0466d8c135806d7341"},"user_id":{"$numberInt":"156"},"age":{"$numberInt":"37"},"country":"New Zealand"}
{"_id":{"$oid":"5c9fda0466d8c135806d7342"},"user_id":{"$numberInt":"157"},"age":{"$numberInt":"22"},"country":"Japan"}
{"_id":{"$oid":"5c9fda0466d8c135806d7343"},"user_id":{"$numberInt":"158"},"age":{"$numberInt":"41"},"country":"New Zealand"}
{"_id":{"$oid":"5c9fda0466d8c135806d7344"},"user_id":{"$numberInt":"159"},"age":{"$numberInt":"21"},"country":"United States"}
{"_id":{"$oid":"5c9fda0466d8c135806d7345"},"user_id":{"$numberInt":"160"},"age":{"$numberInt":"44"},"country":"France"}
{"_id":{"$oid":"5c9fda0466d8c135806d7346"},"user_id":{"$numberInt":"161"},"age":{"$numberInt":"39"},"country":"New Zealand"}
{"_id":{"$oid":"5c9fda0466d8c135806d7347"},"user_id":{"$numberInt":"162"},"age":{"$numberInt":"29"},"country":"France"}
{"_id":{"$oid":"5c9fda0466d8c135806d7348"},"user_id":{"$numberInt":"163"},"age":{"$numberInt":"34"},"country":"Japan"}
{"_id":{"$oid":"5c9fda0466d8c135806d7349"},"user_id":{"$numberInt":"164"},"age":{"$numberInt":"32"},"country":"New Zealand"}
{"_id":{"$oid":"5c9fda0466d8c135806d734a"},"user_id":{"$numberInt":"165"},"age":{"$numberInt":"30"},"country":"Japan"}
{"_id":{"$oid":"5c9fda0466d8c135806d734b"},"user_id":{"$numberInt":"166"},"age":{"$numberInt":"26"},"country":"United Kingdom"}
{"_id":{"$oid":"5c9fda0466d8c135806d734c"},"user_id":{"$numberInt":"167"},"age":{"$numberInt":"33"},"country":"United Kingdom"}
{"_id":{"$oid":"5c9fda0466d8c135806d734d"},"user_id":{"$numberInt":"168"},"age":{"$numberInt":"24"},"country":"France"}
{"_id":{"$oid":"5c9fda0466d8c135806d734e"},"user_id":{"$numberInt":"169"},"age":{"$numberInt":"30"},"country":"United States"}
{"_id":{"$oid":"5c9fda0466d8c135806d734f"},"user_id":{"$numberInt":"170"},"age":{"$numberInt":"38"},"country":"Japan"}
{"_id":{"$oid":"5c9fda0466d8c135806d7350"},"user_id":{"$numberInt":"171"},"age":{"$numberInt":"45"},"country":"France"}
{"_id":{"$oid":"5c9fda0466d8c135806d7351"},"user_id":{"$numberInt":"172"},"age":{"$numberInt":"39"},"country":"United States"}
{"_id":{"$oid":"5c9fda0466d8c135806d7352"},"user_id":{"$numberInt":"173"},"age":{"$numberInt":"32"},"country":"New Zealand"}
{"_id":{"$oid":"5c9fda0466d8c135806d7353"},"user_id":{"$numberInt":"174"},"age":{"$numberInt":"25"},"country":"France"}
{"_id":{"$oid":"5c9fda0466d8c135806d7354"},"user_id":{"$numberInt":"175"},"age":{"$numberInt":"39"},"country":"France"}
{"_id":{"$oid":"5c9fda0466d8c135806d7355"},"user_id":{"$numberInt":"176"},"age":{"$numberInt":"40"},"country":"United Kingdom"}
{"_id":{"$oid":"5c9fda0466d8c135806d7356"},"user_id":{"$numberInt":"177"},"age":{"$numberInt":"23"},"country":"United States"}
{"_id":{"$oid":"5c9fda0466d8c135806d7357"},"user_id":{"$numberInt":"178"},"age":{"$numberInt":"43"},"country":"United Kingdom"}
{"_id":{"$oid":"5c9fda0466d8c135806d7358"},"user_id":{"$numberInt":"179"},"age":{"$numberInt":"24"},"country":"Japan"}
{"_id":{"$oid":"5c9fda0466d8c135806d7359"},"user_id":{"$numberInt":"180"},"age":{"$numberInt":"37"},"country":"Japan"}
{"_id":{"$oid":"5c9fda0466d8c135806d735a"},"user_id":{"$numberInt":"181"},"age":{"$numberInt":"39"},"country":"Japan"}
{"_id":{"$oid":"5c9fda0466d8c135806d735b"},"user_id":{"$numberInt":"182"},"age":{"$numberInt":"45"},"country":"New Zealand"}
{"_id":{"$oid":"5c9fda0466d8c135806d735c"},"user_id":{"$numberInt":"183"},"age":{"$numberInt":"23"},"country":"United Kingdom"}
{"_id":{"$oid":"5c9fda0466d8c135806d735d"},"user_id":{"$numberInt":"184"},"age":{"$numberInt":"25"},"country":"France"}
{"_id":{"$oid":"5c9fda0466d8c135806d735e"},"user_id":{"$numberInt":"185"},"age":{"$numberInt":"34"},"country":"New Zealand"}
{"_id":{"$oid":"5c9fda0466d8c135806d735f"},"user_id":{"$numberInt":"186"},"age":{"$numberInt":"33"},"country":"United States"}
{"_id":{"$oid":"5c9fda0466d8c135806d7360"},"user_id":{"$numberInt":"187"},"age":{"$numberInt":"36"},"country":"United States"}
{"_id":{"$oid":"5c9fda0466d8c135806d7361"},"user_id":{"$numberInt":"188"},"age":{"$numberInt":"40"},"country":"Japan"}
{"_id":{"$oid":"5c9fda0466d8c135806d7362"},"user_id":{"$numberInt":"189"},"age":{"$numberInt":"40"},"country":"France"}
{"_id":{"$oid":"5c9fda0466d8c135806d7363"},"user_id":{"$numberInt":"190"},"age":{"$numberInt":"27"},"country":"New Zealand"}
{"_id":{"$oid":"5c9fda0466d8c135806d7364"},"user_id":{"$numberInt":"191"},"age":{"$numberInt":"41"},"country":"United Kingdom"}
{"_id":{"$oid":"5c9fda0466d8c135806d7365"},"user_id":{"$numberInt":"192"},"age":{"$numberInt":"38"},"country":"Japan"}
{"_id":{"$oid":"5c9fda0466d8c135806d7366"},"user_id":{"$numberInt":"193"},"age":{"$numberInt":"45"},"country":"New Zealand"}
{"_id":{"$oid":"5c9fda0466d8c135806d7367"},"user_id":{"$numberInt":"194"},"age":{"$numberInt":"43"},"country":"France"}
{"_id":{"$oid":"5c9fda0466d8c135806d7368"},"user_id":{"$numberInt":"195"},"age":{"$numberInt":"34"},"country":"United Kingdom"}
{"_id":{"$oid":"5c9fda0466d8c135806d7369"},"user_id":{"$numberInt":"196"},"age":{"$numberInt":"36"},"country":"New Zealand"}
{"_id":{"$oid":"5c9fda0466d8c135806d736a"},"user_id":{"$numberInt":"197"},"age":{"$numberInt":"36"},"country":"United States"}
{"_id":{"$oid":"5c9fda0466d8c135806d736b"},"user_id":{"$numberInt":"198"},"age":{"$numberInt":"31"},"country":"United Kingdom"}
{"_id":{"$oid":"5c9fda0466d8c135806d736c"},"user_id":{"$numberInt":"199"},"age":{"$numberInt":"38"},"country":"New Zealand"}
{"_id":{"$oid":"5c9fda0466d8c135806d736d"},"user_id":{"$numberInt":"200"},"age":{"$numberInt":"33"},"country":"United States"}
